1000,Federal,CAMARA DOS DEPUTADOS
1901,,FUNDO ROTATIVO DA CAMARA DOS DEPUTADOS
2000,,SENADO FEDERAL
2001,,FUNDO ESPECIAL DO SENADO FEDERAL
2002,,SENADO FEDERAL/FUNSEEP
2003,,FUNDO DA SECRETARIA ESPECIAL DE INFORMATICA
3000,Federal,TRIBUNAL DE CONTAS DA UNIAO
3100,Estadual,TRIBUNAL DE JUSTIÇA DO ESTADO RIO DE JANEIRO
10000,Federal,SUPREMO TRIBUNAL FEDERAL
11000,Federal,SUPERIOR TRIBUNAL DE JUSTICA
11111,Estadual,TRIBUNAL DE JUSTIçA DO ESTADO DE MATO GROSSO
11112,Estadual,TRIBUNAL DE JUSTIÇA DO ESTADO DO PARANÁ
12000,Federal,JUSTICA FEDERAL
12800,Federal,JUSTICA FEDERAL
12801,Federal,TRIBUNAL REGIONAL FEDERAL - 1A REGIAO
12802,Federal,TRIBUNAL REGIONAL FEDERAL - 2A REGIAO
12803,Federal,TRIBUNAL REGIONAL FEDERAL - 3A REGIAO
12804,Federal,TRIBUNAL REGIONAL FEDERAL - 4A REGIAO
12805,Federal,TRIBUNAL REGIONAL FEDERAL - 5A REGIAO
13000,Federal,JUSTICA MILITAR
13100,Federal,CENTRAIS DE ABASTECIMENTO DE MINAS GERAIS
14000,Federal,JUSTICA ELEITORAL
14001,,FUNDO ESPECIAL DE ASSIST.FINANC.PART.POLITICO
14105,Federal,TRIBUNAL REGIONAL ELEITORAL DA BAHIA
15000,Federal,JUSTICA DO TRABALHO
16000,Federal,JUSTICA DO DISTRITO FEDERAL E DOS TERRITORIOS
17000,Federal,CONSELHO NACIONAL DE JUSTICA
20000,,PRESIDENCIA DA REPUBLICA
20101,,PRESIDENCIA DA REPUBLICA
20102,,GABINETE DA VICE-PRESIDENCIA DA REPUBLICA
20103,,MINISTERIO ADM.FED.REFORMA ESTADO-EM EXTINCAO
20104,,SECRETARIA DE ASSUNTOS ESTRATEGICOS
20105,,MINISTERIO DA DEFESA
20106,,CONSULTORIA GERAL DA REPUBLICA
20107,,SECRETARIA DA CULTURA
20108,,SECRETARIA DA CIENCIA E TECNOLOGIA
20109,,SECRETARIA DO DESENVOLVIMENTO REGIONAL
20110,,SECRETARIA DOS DESPORTOS
20111,,SECRETARIA DO MEIO AMBIENTE
20112,,SECRETARIA DE PROJETOS ESPECIAIS DA PR
20113,Federal,"MINISTERIO DO PLANEJAMENTO,DESENV. E GESTÃO"
20114,,ADVOCACIA-GERAL DA UNIAO
20115,,FUNDO NACIONAL PARA A CRIANCA E O ADOLESCENTE
20116,,FUNDO DE IMPRENSA NACIONAL
20117,Federal,FUNDO NACIONAL ANTIDROGAS
20122,,SECRETARIA NACIONAL DE POLITICAS P/MULHERES
20124,,SECRETARIA ESPECIAL DE AQUICULTURA E PESCA/PR
20125,,CONTROLADORIA-GERAL DA UNIAO
20129,Federal,SEC.ESPEC.DE AGRIC.FAMIL.E DO DESENV.AGRARIO
20202,,FUNDACAO ESCOLA NACIONAL DE ADM. PUBLICA
20203,,AGENCIA NACIONAL DO CINEMA
20213,Federal,EMPRESA BRAS.DE INFRA-ESTRUTURA AEROPORTUÁRIA
20214,Federal,AGENCIA NACIONAL DE AVIAÇÃO CIVIL - ANAC
20301,,COMISSAO NACIONAL DE ENERGIA NUCLEAR
20302,Federal,NUCLEBRAS EQUIPAMENTOS PESADOS S/A
20303,Estadual,INDUSTRIAS NUCLEARES DO BRASIL S/A
20304,,URANIO DO BRASIL S/A
20402,,AGENCIA ESPACIAL BRASILEIRA - AEB
20403,,FUNDACAO CASA DE RUI BARBOSA
20404,,FUNDACAO BIBLIOTECA NACIONAL
20407,,FUNDACAO DO CINEMA BRASILEIRO
20408,,FUNDACAO CULTURAL PALMARES
20410,,FUNDACAO NACIONAL PRO-LEITURA
20411,Federal,INSTITUTO DO PATRIMONIO HIST. E ART. NACIONAL
20412,,FUNDACAO NACIONAL DE ARTES
20415,Federal,EMPRESA BRASIL DE COMUNICAÇÃO
20501,,CONSELHO NACIONAL DE DES.CIENT.E TECNOLOGICO
20502,,FINANCIADORA DE ESTUDOS E PROJETOS
20503,,FUNDACAO CENTRO TECNOLOGICO PARA INFORMATICA
20601,,SUPERINTENDENCIA DO DESENVOLV. DO NORDESTE
20602,,SUPERINTENDENCIA DO DESENVOLV. DA AMAZONIA
20603,Federal,SUPERINTENDENCIA DA ZONA FRANCA DE MANAUS
20604,,INSTITUTO BRASILEIRO DE TURISMO
20605,,COMPANHIA DE DESENVOLVIMENTO DE BARCARENA
20701,Federal,INST.BRAS.DO MEIO AMB.E DOS REC.NAT.RENOVAV.
20801,,SECRETARIA DE PATRIMONIO DA UNIAO/MP
20802,,"SUBSECRETARIA DE PLANEJ.,ORCAMENTO E ADM./MP"
20803,,SECRETARIA DE ADMINISTRACAO/CC/PR
20924,,FUNDO NACIONAL DE DESENVOLVIMENTO
20925,,CALAMIDADES PUBLICAS - FUNCAP
20929,Federal,FUNDO NACIONAL DO IDOSO
22000,Federal,"MINIST. DA AGRICUL.,PECUARIA E ABASTECIMENTO"
22201,,INSTIT. NAC. DE COLONIZACAO E REFORMA AGRARIA
22202,Federal,EMPRESA BRASILEIRA DE PESQUISA AGROPECUARIA
22203,Federal,COMPANHIA DE DESENV. DO VALE DO SAO FRANCISCO
22204,,DEPARTAMENTO NAC.DE OBRAS CONTRA AS SECAS
22207,,COMPANHIA DE COLONIZACAO DO NORDESTE
22208,Federal,EMBRAPA
22211,Federal,COMPANHIA NACIONAL DE ABASTECIMENTO
22222,Estadual,TRIBUNAL DE JUSTICA DO ESTADO DO AMAZONAS
22283,Federal,BANCO DA AMAZôNIA S/A
22500,Federal,CIA.DE ENTREPOSTOS E ARMAZENS GER.DE S.PAULO
22801,,COMIS.EXEC.DO PLANO DA LAVOURA CACAUEIRA/MAPA
22802,,INSTITUTO NACIONAL DE METEOROLOGIA/MAPA
22803,,SECRETARIA NAC. DE DEFESA AGROPECUARIA/MAPA
22804,,"SUBSECRETARIA DE PLANEJ.,ORCAM.E ADM./MAPA"
22805,,FUNDO GERAL DO CACAU/MAPA
22806,,SECRET.DE DESENV.AGROPEC.E COOPERATIVISMO
22905,,FUNDO DE DEFESA DA ECONOMIA CAFEEIRA
23000,,MINISTERIO DO BEM-ESTAR SOCIAL-EM EXTINCAO
23201,,FUND.CENTRO BRAS.INF.ADOLESCENCIA-EM EXTINCAO
23202,,FUNDACAO LEGIAO BRAS.ASSISTENCIA-EM EXTINCAO
23804,,FUNDO DE PREVIDENCIA E ASSISTENCIA SOCIAL
23902,,FUNDO DE CUSTEIO DE PROGRAMAS DE HAB. POPULAR
24000,Federal,"MINISTERIO DA CIENCIA,TECNOLOGIA E INOVAÇÃO"
24208,,INSTITUTO NAC.DE TECNOLOGIA DA INFORMACAO-ITI
24209,Federal,CENTRO NACIONAL DE TEC ELETRONICA AVANçADA SA
24428,Estadual,"INST.FED.DE EDUC., CIENC.E TEC. DE BRASíLIA"
24801,,INSTITUTO NACIONAL DE PESQUISAS ESPACIAIS/MCT
24802,,"SUBSECRETARIA DE PLANEJ.,ORCAMENTO E ADM./MCT"
24803,,FINANCIADORA DE ESTUDOS E PROJETOS
24901,Federal,FUNDO NAC.DE DESENV. CIENTIFICO E TECNOLOGICO
25000,Federal,MINISTERIO DA FAZENDA
25001,,FUNDO ESP.DES. APERF.DAS ATIV.DE FISCALIZACAO
25002,,FUNDO ESP. DE TREINAMENTO E DESENVOLVIMENTO
25003,Federal,BANCO DA AMAZONIA
25201,Federal,BANCO CENTRAL DO BRASIL-ORC.FISCAL/SEG.SOCIAL
25202,,BANCO DA AMAZONIA S.A.
25203,,COMISSAO DE VALORES MOBILIARIOS
25205,,FUND.INST.BRASILEIRO DE GEOG.E ESTATISTICA
25206,,INSTITUTO DE PESQUISA ECONOMICA APLICADA
25207,Federal,SERVICO FEDERAL DE PROCESSAMENTO DE DADOS
25208,,SUPERINTENDENCIA DE SEGUROS PRIVADOS
25209,,SUPERINTENDENCIA NAC.ABASTECIMENTO-EM EXTINCA
25211,Federal,CASA DA MOEDA DO BRASIL
25220,,CAIXA ECONOMICA FEDERAL
25280,,BANCO CENTRAL DO BRASIL
25281,Federal,BANCO DO BRASIL S/A
25282,Federal,BANCO DO NORDESTE DO BRASIL
25289,,AGENC.BRAS.GEST.DE FUNDOS GAR.E GARANTIAS S/A
25301,Federal,EMPRESA GESTORA DE ATIVOS
25801,Federal,RECEITA FEDERAL DO BRASIL
25802,,ESCOLA DE ADMINISTRACAO FAZENDARIA/MF
25803,,PROCURADORIA-GERAL DA FAZENDA NACIONAL
25804,,"SUBSECRET.DE PLANEJ.,ORCAMENTO E ADM. ± SPOA"
25805,,SECRETARIA DO TESOURO NACIONAL - STN
25901,,FUNDO DE COMPENSACAO E VARIACOES SALARIAIS
25902,,FUNDO DE INVESTIMENTO DO NORDESTE
25903,,FUNDO DE INVESTIMENTO DA AMAZONIA
25904,,FUNDO DE ESTABILIDADE DO SEGURO RURAL
25905,,FUNDO DE APOIO AO DESENVOLVIMENTO SOCIAL
25907,,FUNDO CONST.DE FINANCIAMENTO-FNO - INTEGRACAO
25908,,FUNDO CONSTIT.FINANC.CENTO-OESTE-FCO-INTEG.
25910,,FUNDO CONSTIT.FINANC.DO NORDESTE-FNE-INTEG.
25914,,FUNDO DE GARANTIA A EXPORTACAO
25915,Federal,FUNDO CONSTITUCIONAL DO DISTRITO FEDERAL
25916,,FUNDO CONTIGENTE DA EXTINTA RFFSA-FCMP.
25917,,FUNDO PAGTO. PREST. PERDA RENDA DESEMP. INVAL
26000,Federal,MINISTERIO DA EDUCACAO
26101,,FUNDO DE FINANC. AO ESTUDANTE DO ENS.SUPERIOR
26201,,COLEGIO PEDRO II
26202,,CENTRO FEDERAL DE EDUCACAO TECNOL.DE ALAGOAS
26203,,CENTRO FEDERAL DE ED.TECNOLOGICA DO AMAZONAS
26204,,ESCOLA TECNICA FEDERAL DA BAHIA
26205,,CENTRO FED. DE EDUCACAO TECNOLOGICA DE CAMPOS
26206,,CENTRO FEDERAL DE EDUCACAO TECNOL.DO CEARA
26207,,CENTRO FED.DE EDUC.TECNOLOGICA DO ESPIR.SANTO
26208,,CENTRO FED. DE EDUCACAO TECNOLOGICA DE GOIAS
26209,,CENTRO FEDERAL DE EDUCACAO TECNOL.DO MARANHAO
26210,,CENTRO FEDERAL DE EDUC.TECNOL.DO M. GROSSO
26211,,CENTRO FEDERAL DE EDUC. TECNOL. DE OURO PRETO
26212,,CENTRO FEDERAL DE EDUCACAO TECNOL.DO PARA
26213,,CENTRO FEDERAL DE EDUCACAO TECNOL.DA PARAIBA
26214,Federal,INST FEDERAL DE EDUCACAO SUL-RIO-GRANDENSE
26215,,CENTRO FED.DE EDUC. TECNOLOGICA DE PERNAMBUCO
26216,,CENTRO FED. DE EDUC. TECNOLOG. DO PIAUI-CEFET
26217,Federal,CENT.FED.DE EDUC.TECNOL.DE QUIMICA-NILOP./RJ
26218,,CENTRO FEDERAL DE EDUCACAO TECNOL.DO RN
26219,,CENTRO FED.DE EDUC.TECNOLOGICA DE S.CATARINA
26220,,CENTRO FEDERAL DE EDUCACAO TECNOL DE S.PAULO
26221,,CENTRO FEDERAL DE EDUCACAO TEC. DE SERGIPE
26222,,CENTRO FED.DE EDUC. TECNOLOGIA DE RORAIMA
26223,,ESCOLA TECNICA  FEDERAL DE PALMAS - TO
26224,Federal,ESCOLA TéCNICA FEDERAL DE  RONDôNIA
26230,,FUND.UNIVERSIDADE FEDERAL VALE SAO FRANCISCO
26231,,UNIVERSIDADE FEDERAL DE ALAGOAS
26232,,UNIVERSIDADE FEDERAL DA BAHIA
26233,Federal,UNIVERSIDADE FEDERAL DO CEARA
26234,Federal,UNIVERSIDADE FEDERAL DO ESPIRITO SANTO
26235,,UNIVERSIDADE FEDERAL DE GOIAS
26236,,UNIVERSIDADE FEDERAL FLUMINENSE
26237,,UNIVERSIDADE FEDERAL DE JUIZ DE FORA
26238,,UNIVERSIDADE FEDERAL DE MINAS GERAIS
26239,,UNIVERSIDADE FEDERAL DO PARA
26240,,UNIVERSIDADE FEDERAL DA PARAIBA
26241,,UNIVERSIDADE FEDERAL DO PARANA
26242,,UNIVERSIDADE FEDERAL DE PERNAMBUCO
26243,,UNIVERSIDADE FEDERAL DO RIO GRANDE DO NORTE
26244,,UNIVERSIDADE FEDERAL DO RIO GRANDE DO SUL
26245,,UNIVERSIDADE FEDERAL DO RIO DE JANEIRO
26246,,UNIVERSIDADE FEDERAL DE SANTA CATARINA
26247,,UNIVERSIDADE FEDERAL DE SANTA MARIA
26248,,UNIVERSIDADE FEDERAL RURAL DE PERNAMBUCO
26249,,UNIVERSIDADE FEDERAL RURAL DO RIO DE JANEIRO
26250,,UNIVERSIDADE FEDERAL DE RORAIMA
26251,,FUNDACAO UNIVERSIDADE FEDERAL DO TOCANTINS
26252,,UNIVERSIDADE FEDERAL DE CAMPINA GRANDE
26253,,UNIVERSIDADE FEDERAL RURAL DA AMAZONIA
26254,,UNIVERSIDADE FEDERAL DO TRIANGULO MINEIRO
26255,,UNIVERSIDADE FED.VALES JEQUITINHONHA E MUCURI
26256,,CENTRO FED.EDUC.TECN.CELSO SUCKOW DA FONSECA
26257,,CENTRO FEDERAL DE EDUCACAO TECNOLOGICA DE MG
26258,,UNIVERSIDADE TECNOLOGICA FEDERAL DO PARANA
26259,,CENTRO DE EDUCACAO TECNOLOGICA DA BAHIA
26260,,UNIVERSIDADE FEDERAL DE ALFENAS
26261,,UNIVERSIDADE FEDERAL DE ITAJUBA
26262,,UNIVERSIDADE FEDERAL DE SAO PAULO
26263,,UNIVERSIDADE FEDERAL DE LAVRAS
26264,,UNIVERSIDADE FEDERAL RURAL DO SEMI-ARIDO/RN
26266,Federal,FUNDAçãO UNIVERSIDADE FEDERAL DO PAMPA
26267,Federal,UNIVERSIDADE FED DA INTEGR LATINO-AMERICANA
26268,Federal,FUNDACAO UNIVERSIDADE FEDERAL DE RONDONIA
26269,,FUNDACAO UNIVERSIDADE DO RIO DE JANEIRO
26270,,FUNDACAO UNIVERSIDADE DO AMAZONAS
26271,,FUNDACAO UNIVERSIDADE DE BRASILIA
26272,,FUNDACAO UNIVERSIDADE DO MARANHAO
26273,,FUNDACAO UNIVERSIDADE DO RIO GRANDE - RS
26274,,FUNDACAO UNIVERSIDADE FEDERAL DE UBERLANDIA
26275,,FUNDACAO UNIVERSIDADE FEDERAL DO ACRE
26276,,FUNDACAO UNIVERSIDADE FEDERAL DE MATO GROSSO
26277,,UNIVERSIDADE FEDERAL DE OURO PRETO
26278,,FUNDACAO UNIVERSIDADE FEDERAL DE PELOTAS
26279,,FUNDACAO UNIVERSIDADE FEDERAL DO PIAUI
26280,,FUNDACAO UNIVERSIDADE FEDERAL DE SAO CARLOS
26281,,FUNDACAO UNIVERSIDADE FEDERAL DE SERGIPE
26282,,UNIVERSIDADE FEDERAL DE VICOSA
26283,,FUNDACAO UNIVERSIDADE FEDERAL DE MATO G. SUL
26284,,FUNDACAO FACULDADE FED.CIENCIAS MEDICAS POA
26285,,FUNDACAO UNIVERSIDADE FEDERAL DE S.J.DEL-REI
26286,,FUNDACAO UNIVERSIDADE FEDERAL DO AMAPA
26287,Federal,ESCOLA AGROTECNICA FEDERAL DE MARABA
26288,Federal,ESCOLA AGROTECNICA FEDERAL DE NOVA ANDRADINA
26289,Federal,ESCOLA AGROT.FED.DE S.RAIMUN.DAS MANGABEIRAS
26290,,INST.NACIONAL DE EST.E PESQUISAS EDUCACIONAIS
26291,,FUND.COORD.DE APERF.DE PESSOAL NIVEL SUPERIOR
26292,,FUNDACAO JOAQUIM NABUCO
26293,,FUNDACAO ROQUETTE PINTO - EM EXTINCAO
26294,Federal,HOSPITAL DE CLINICAS DE PORTO ALEGRE
26295,,INSTITUTO NACIONAL DE DESENVOLV.DO DESPORTO
26297,,FUNDACAO DE ASSISTENCIA AO ESTUDANTE
26298,,FUNDO NACIONAL DE DESENVOLVIMENTO DA EDUCACAO
26301,,CENTRO FEDERAL DE EDUCAC.TECNOLOGICA DA BAHIA
26302,,ESCOLA AGROTECNICA FEDERAL DE ALEGRE
26303,,ESCOLA AGROTECNICA FEDERAL DE ALEGRETE
26304,,ESCOLA AGROTECNICA FEDERAL DE ARAGUATINS
26305,,CENTRO FEDERAL DE EDUCACAO TECNOL. DE BAMBUI
26306,,ESCOLA AGROTECNICA FEDERAL DE BARBACENA
26307,,ESCOLA AGROTECNICA FEDERAL DE BARREIROS
26308,,ESCOLA AGROTECNICA FEDERAL DE BELO JARDIM
26309,,CENTRO FEDERAL DE EDUCACAO TEC.DE B.GONCALVES
26310,,ESCOLA AGROTECNICA FEDERAL DE CACERES
26311,,ESCOLA AGROTECNICA FEDERAL DE CASTANHAL
26312,,ESCOLA AGROTECNICA FEDERAL DE CATU
26313,,ESCOLA AGROTECNICA FEDERAL DE COLATINA
26314,,ESCOLA AGROTECNICA FEDERAL DE CONCORDIA
26315,,ESCOLA AGROTECNICA FEDERAL DE CRATO
26316,,ESCOLA AGROTECNICA FEDERAL DE CUIABA
26317,,ESCOLA AGROTECNICA FEDERAL DE IGUATU
26318,,ESCOLA AGROTECNICA FEDERAL DE INCONFIDENTES
26319,,CENTRO FEDERAL DE EDUCACAO TECNOL.DE JANUARIA
26320,,ESCOLA AGROTECNICA FEDERAL DE MACHADO
26321,,ESCOLA AGROTECNICA FEDERAL DE MANAUS
26322,,ESCOLA AGROTECNICA FEDERAL DE MUZAMBINHO
26323,,CENTRO FED. DE EDUC. TECNOLOGICA DE PETROLINA
26324,,CENTRO FEDERAL DE EDUCACAO TECNOLOG.RIO POMBA
26325,,CENTRO FEDERAL DE EDUCACAO TEC. DE RIO VERDE
26326,,ESCOLA AGROTECNICA FEDERAL DE SALINAS
26327,,ESCOLA AGROTECNICA FEDERAL DE SANTA TERESA
26328,,ESCOLA AGROTECNICA FEDERAL DE SAO CRISTOVAO
26329,,ESCOLA AGROTECNICA FEDERAL DE S.J.EVANGELISTA
26330,,ESCOLA AGROTECNICA FEDERAL DE SAO LUIS
26331,,CENTRO FED.EDUCACAO TECNOLOGICA S.VICENTE SUL
26332,,ESCOLA AGROTECNICA FEDERAL DE SATUBA
26333,,ESCOLA AGROTECNICA FEDERAL DE SERTAO
26334,,ESCOLA AGROTECNICA FEDERAL DE SOUSA
26335,,CENTRO FEDERAL DE EDUC TECNOLOGICA DE UBERABA
26336,,ESCOLA AGROTECNICA FEDERAL DE UBERLANDIA
26337,,CENTRO FEDERAL DE EDUC. TECNOLOGICA DE URUTAI
26338,,ESCOLA AGROTECNICA FEDERAL DE VIT.DE S.ANTAO
26339,,ESCOLA AGROTECNICA FEDERAL DE S.G.CACHOEIRA
26340,,ESCOLA AGROTECNICA FEDERAL DE SOMBRIO
26341,,ESCOLA AGROTECNICA FEDERAL DE CERES
26342,,ESCOLA AGROTECNICA FEDERAL DE COLOR. DO OESTE
26343,,ESCOLA AGROTECNICA FEDERAL DE CODO
26344,,ESCOLA AGROTECNICA FEDERAL DE GUANAMBI
26345,,ESCOLA AGROTECNICA FEDERAL DE RIO DO SUL
26346,,ESCOLA AGROTECNICA FEDERAL DE SANTA INES
26347,,ESCOLA AGROTECNICA FED. DO SENHOR DO BOMFIM
26350,,FUNDACAO UNIVERSIDADE FED. DA GRANDE DOURADOS
26351,,UNIVERSIDADE FEDERAL DO RECONCAVO DA BAHIA
26352,,FUNDACAO UNIVERSIDADE FEDERAL DO ABC
26353,Federal,ESCOLA TÉCNICA FEDERAL DO ACRE
26354,Federal,ESCOLA TECNICA FEDERAL DO AMAPA
26355,Federal,ESCOLA TECNICA FEDERAL DO MATO GROSSO DO SUL
26356,Federal,INSTITUTO FED. ED. CIENCIA E TEC. DE BRASILIA
26357,Federal,ESCOLA TECNICA FEDERAL DE CANOAS
26402,Federal,"INST.FED.DE EDUC.,CIENC.E TEC. DE ALAGOAS"
26403,Federal,"INST.FED.DE EDUC., CIENC E TEC.DO AMAZONAS"
26404,Federal,"INST.FED.DE EDUC.,CIENC.E TEC.BAIANO"
26405,Federal,"INST.FED.DE EDUC.,CIENC.E TEC.DO CEARÁ"
26406,Federal,"INST.FED.DE EDUC.,CIENC.E TEC. DO ESP.SANTO"
26407,Federal,"INST.FED.DE EDUC.,CIENCIA E TEC. GOIANO"
26408,Federal,"INST.FED.DE EDUC.,CIENC. E TEC. DO MARANHãO"
26409,Federal,"INST.FED.DE EDUC.,CIENC.E TEC.DE MINAS GERAIS"
26410,Federal,"INST.FED.DE EDUC., CIENC.E TEC.DO NORTE DE MG"
26411,Federal,"INST.FED.DE EDUC.,CIENC.E TEC.DO SUDESTE MG"
26412,Federal,"INST.FED.DE EDUC.,CIENC.E TEC.DO SUL DE MG"
26413,Federal,"INST.FED.DE EDUC.,CIENC.E TEC.DO TRIA.MINEIRO"
26414,Federal,INSTITUTO FEDERAL DE MATO GROSSO
26415,Federal,"INST.FED.DE EDUC.,CIENC.E TEC.DO MAT.G.DO SUL"
26416,Federal,"INST.FED.DE EDUC.,CIENC.E TEC.DO PARA"
26417,Federal,"INST.FED.DE EDUC.,CIENC.E TEC. DA PARAIBA"
26418,Federal,"INST.FED.DE EDUC.,CIENC.E TEC. DE PERNAMBUCO"
26419,Federal,"INST.FED.DE EDUC.,CIENC.E TEC. DO RS"
26420,Federal,"INST.FED.DE EDUC.,CIENC. E TEC.FARROUPILHA"
26421,Federal,"INST.FED.DE EDUC.,CIENC.E TEC. DE RONDONIA"
26422,Federal,"INST.FED. DE EDUC., CIENC. E TEC. CATARINENSE"
26423,Federal,"INST.FED.DE EDUC.,CIENC.E TEC. DE SERGIPE"
26424,Federal,"INST.FED.DE EDUC.,CIENC. E TEC.DO TOCANTINS"
26425,Federal,"INST.FED.DE EDUC.,CIENC E TEC. DO ACRE"
26426,Federal,"INST.FED.DE EDUC.,CIENC.E TEC.DO AMAPá"
26427,Federal,"INST.FED.DE EDUC.,CIENC.E TECNOLOGIA DA BAHIA"
26428,Federal,"INST.FED.DE EDUC., CIENC.E TEC.DE BRASíLIA"
26429,Federal,"INST.FED.DE EDUC.,CIENC.E TEC.DE GOIÁS"
26430,Federal,"INST.FED.DE EDUC.,CIENC.E TEC.S.PERNAMBUCANO"
26431,Federal,"INST.FED.DE EDUC., CIENC.E TECNOLOGIA PIAUí"
26432,Federal,"INST. FED. DE EDUC., CIENC. E TEC. DO PARANá"
26433,Federal,"INST.FED.DE EDUC.,CIENC.E TEC.DO RJ"
26434,Federal,"INST.FED.DE EDUC.,CIENC.E TEC.FLUMINENSE"
26435,Federal,"INST.FED.DE EDUC.,CIENC.E TEC.DO R.G.DO NORTE"
26436,Federal,"INST.FED.DE EDUC.,CIE.E TEC.SUL-RIO-GRANDENSE"
26437,Federal,"INST.FED.DE EDUC.,CIENC.E TEC. DE RORAIMA"
26438,Federal,"INST.FED.DE EDUC.,CIENC.E TEC.DE STA.CATARINA"
26439,Federal,"INST.FED.DE EDUC.,CIENC.E TEC. DE SÃO PAULO"
26440,Federal,UNIVERSIDADE FEDERAL DA FRONTEIRA SUL
26441,Federal,UNIVERSIDADE FEDERAL DO OESTE DO PARA
26442,Federal,UNIV.DA INTEF.INTERN.DA LUSOF.AFRO-BRASILEIRA
26443,Federal,EMPRESA BRASILEIRA DE SERVIÇOS HOSPITALARES
26445,Municipal,PREFEITURA DO MUNICIPIO DE FOZ DO IGUAÇU
26446,Estadual,CONSELHO REGIONAL DE FARMÁCIA
26447,Federal,UFOB - UNIVERSIDADE FEDERAL DO OESTE DA BAHIA
26448,Federal,UNIVERSIDADE FEDERAL DO SUL E SUDESTE DO PARá
26449,,UNIVERSIDADE FEDERAL DO CARIRI
26450,Federal,UFESBA - UNIVERSIDADE FEDERAL DO SUL DA BAHIA
26801,,SECRETARIA DE EDUCACAO BASICA
26802,,SUBSECRETARIA DE ASSUNTOS ADMINISTRATIVOS-SAA
27201,,FUNDACAO HABITACIONAL DO EXERCITO
28000,,"MINISTERIO DO DESENV,IND. E COMERCIO EXTERIOR"
28500,,FUNDO DE GARANTIA P/ PROM. DA COMPETITIVIDADE
28501,,FUNDO NACIONAL DE DESESTATIZACAO
28801,,"SUBSECRETARIA DE PLANEJ.,ORCAM.E ADM./MDIC"
28904,,FUNDO DE GAR.P/PROMOC.DA COMPETITIVIDADE-FGPC
29000,,MINISTERIO DA INFRA-ESTRUTURA
29101,Federal,DEFENSORIA PUBLICA DA UNIAO
29201,,DEPARTAMENTO NACIONAL DE ESTRADAS DE RODAGEM
29202,Federal,COMPANHIA DE NAVEGACAO DO SAO FRANCISCO
29203,,EMP. BRAS. DE PLANEJ. E TRANSP.-EM LIQUIDACAO
29204,,EMPRESA DE NAVEGACAO DA AMAZONIA S/A
29205,Federal,EMPRESA DE TRENS URBANOS DE PORTO ALEGRE S/A
29207,,SERVICO DE NAVEGACAO DA BACIA DO PRATA S/A
29208,Federal,COMPANHIA DE PESQUISA DE RECURSOS MINERAIS
29209,Federal,"VALEC-ENGENHARIA, CONSTRUCOES E FERROVIAS S/A"
29214,Federal,COMPANHIA BRASILEIRA DE TRENS URBANOS
30000,Federal,MINISTERIO DA JUSTICA
30108,Federal,DEPARTAMENTO DE POLICIA FEDERAL
30201,Federal,RADIOBRAS - EMP.BRASILEIRA DE COMUNICACAO S/A
30202,,FUNDACAO NACIONAL DO INDIO
30203,,"INST.NAC. DE METROLOGIA, NORMAL.E QUAL.IND."
30204,,INSTITUTO NAC. DA PROPRIEDADE INDUSTRIAL
30205,,FUNDACAO NACIONAL DO INDIO - PATRIM.INDIGENA
30211,,CONSELHO ADMINISTRATIVO DE DEFESA ECONOMICA
30801,Federal,DEPARTAMENTO DE POLICIA FEDERAL/MJ
30802,,DEPARTAMENTO DE POLICIA RODOVIARIA FEDERAL/MJ
30803,,"SUBSECRETARIA DE PLANEJ., ORCAMENTO E ADM./MJ"
30905,,SECRETARIA DE DIREITO ECONOMICO/DF FUNDO
30907,Federal,FUNDO PENITENCIARIO NACIONAL
30909,Federal,FUNDO P/APAR.E OPERAC.ATIV.FIM.POL.FEDERAL
30911,,FUNDO NACIONAL DE SEGURANCA PUBLICA
30912,Federal,FUNDO NACIONAL ANTIDROGA
30913,Federal,FUNDO NAC. PARA A CRIANÇA E O ADOLESCENTE
30914,Federal,FUNDO NACIONAL DO IDOSO - DF
31280,Federal,CAIXA DE CONSTRUCOES DE CASAS P/PESSOAL DA MB
32000,Federal,MINISTERIO DE MINAS E ENERGIA
32201,,CENTRO DE PESQUISAS DE ENERGIA ELETRICA
32205,Federal,AGENCIA NACIONAL DO PETROLEO
32210,,AGENCIA NACIONAL DE ENERGIA ELETRICA
32263,,DEPARTAMENTO NACIONAL DE PRODUCAO MINERAL
32314,Federal,EMPRESA DE PESQUISA ENERGéTICA
32396,Federal,AGENCIA NACIONAL DE MINERAÇÃO
32801,,"SUBSECRETARIA DE PLANEJ.,ORCAM.E ADM./MME"
32991,Federal,RESERVA GLOBAL DE REVERSAO/ELETROBRAS
32992,Federal,CONTA DE DESENVOLV. ENERGETICO/ELETROBRAS
33000,,MINISTERIO DA PREVIDENCIA SOCIAL
33206,Federal,SUPERINT.NACIONAL DE PREVIDENCIA COMPLEMENTAR
33801,,"SUBSECRETARIA DE PLANEJ.,ORCAM.E ADM./MPS"
34000,Federal,MINISTERIO PUBLICO DA UNIAO
34801,Federal,MINISTERIO PUBLICO FEDERAL ± MPF
34802,Federal,MINISTERIO PUBLICO DO TRABALHO - MPT
34902,Federal,FUNDO NACIONAL DE CULTURA
35000,,MINISTERIO DAS RELACOES EXTERIORES
35201,,FUNDACAO ALEXANDRE DE GUSMAO
36000,Federal,MINISTERIO DA SAUDE
36201,,FUNDACAO OSWALDO CRUZ
36203,,INSTITUTO NACIONAL DE ALIMENTACAO E NUTRICAO
36204,,FUNDACAO DAS PIONEIRAS SOCIAIS
36206,,INST.NAC.DE ASSISTENCIA MEDICA DA PREV.SOC.
36208,,HOSPITAL CRISTO REDENTOR S/A
36209,,HOSPITAL FEMINA S/A
36210,,HOSPITAL NOSSA SENHORA DA CONCEICAO S/A
36211,,FUNDACAO NACIONAL DE SAUDE
36212,,AGENCIA NACIONAL DE VIGILANCIA SANITARIA
36213,,AGENCIA NACIONAL DE SAUDE SUPLEMENTAR
36901,Federal,FUNDO NACIONAL DE SAÚDE
37000,Federal,CONTROLADORIA GERAL DA UNIÃO
37201,,FUND.JORGE D.FIGUEIREDO DE SEG.E MED DO TRAB.
37202,Federal,INSTITUTO NACIONAL DO SEGURO SOCIAL
37904,Federal,FUNDO DO REGIME GERAL DA PREVIDENCIA SOCIAL
38000,Federal,MINISTERIO DO TRABALHO E EMPREGO
38299,,REDE FERROVIARIA FEDERAL S/A
38500,Federal,CONSELHO FEDERAL DE CONTABILIDADE
38501,,CONSELHO REGIONAL DE CONTABILIDADE-AL
38502,,CONSELHO REGIONAL DE CONTABILIDADE-AM
38503,,CONSELHO REGIONAL DE CONTABILIDADE-BA
38504,,CONSELHO REGIONAL DE CONTABILIDADE-CE
38505,,CONSELHO REGIONAL DE CONTABILIDADE-DF
38506,,CONSELHO REGIONAL DE CONTABILIDADE-ES
38507,,CONSELHO REGIONAL DE CONTABILIDADE-GO
38508,,CONSELHO REGIONAL DE CONTABILIDADE-MA
38509,,CONSELHO REGIONAL DE CONTABILIDADE-MT
38510,,CONSELHO REGIONAL DE CONTABILIDADE-MG
38511,,CONSELHO REGIONAL DE CONTABILIDADE-PA
38512,,CONSELHO REGIONAL DE CONTABILIDADE-PB
38513,,CONSELHO REGIONAL DE CONTABILIDADE-PR
38514,,CONSELHO REGIONAL DE CONTABILIDADE-PE
38515,,CONSELHO REGIONAL DE CONTABILIDADE-PI
38516,,CONSELHO REGIONAL DE CONTABILIDADE-RN
38517,,CONSELHO REGIONAL DE CONTABILIDADE-RS
38518,,CONSELHO REGIONAL DE CONTABILIDADE-RJ
38519,,CONSELHO REGIONAL DE CONTABILIDADE-SC
38520,,CONSELHO REGIONAL DE CONTABILIDADE-SP
38521,,CONSELHO REGIONAL DE CONTABILIDADE-SE
38522,,CONSELHO REGIONAL DE CONTABILIDADE-MS
38523,,CONSELHO REGIONAL DE CONTABILIDADE-RO
38524,,CONSELHO REGIONAL DE CONTABILIDADE-AP
38525,,CONSELHO REGIONAL DE CONTABILIDADE-TO
38526,Estadual,CONSELHO FEDERAL DE ECONOMIA
38527,Federal,CONS. REG. DE CORRETORES DE IMOVEIS DE MG
38528,Federal,CONSELHO REG. DE FARMÁCIA EST. DE SAO PAULO
38529,Federal,CONS.REG.DE ENGª ARQ. E AGRONOMIA D AMAPA
38530,Federal,CONSELHO FEDERAL DE MEDICINA
38531,Federal,CONSELHO FEDERAL DE ENGENHARIA E AGRONOMIA
38532,Federal,CONSELHO FEDERAL DE QUIMICA
38537,Federal,CONSELHO DE ARQ. E URB. DO DISTRITO FEDERAL
38538,Federal,CONSELHO REGIONAL DE ADMINISTRACAO DE RORAIMA
38539,Federal,CONSELHO REGIONAL DE EDUC. FÍSICA/14ª REGIÃO
38540,Federal,CONSELHO DE ARQT E URBANISMO DO BRASIL
38541,Federal,FUNDAçãO DE PREV. COMPLEMANTAR
38542,Estadual,CORREGEDORIA GERAL DA JUSTIçA
38543,Federal,CONSELHO DE ARQ. E URBANISMO DO ACRE
38544,Federal,CONSELHO REG. DE FARMACIA DE SANTA CATARINA
38545,Federal,CONSELHO NACIONAL DE TECNOLOGIA EM RADIOLOGIA
38546,Federal,CONSELHO REGIONAL DE MEDICINA - MT
38547,Estadual,CONSELHO REGIONAL DE MEDICINA DA PARAÍBA
38548,Federal,CONSELHO REGIONAL DE FAMÁCIA - MS
38549,Federal,CONSELHO REGIONAL DE FARMÁCIA DO ESTADO PARA
38550,Federal,CONSELHO REGIONAL DE ENFERMAGEM-RN
38551,Federal,CONSELHO REGIONAL DE ENFERMAGEM DA PARAIBA
38552,Federal,CONSELHO FEDERAL DE NUTRICIONISTAS
38553,Federal,CONSELHO DE ARQUITETURA E URBANISMO DE SP
38554,Federal,CONSELHO ARQUITETURA E URBANISMO DO AMAPÁ
38555,Federal,CONSELHO REGIONAL DE ENFERMAGEM
38556,Federal,CONSELHO REGIONAL DE SERVIÇO SOCIAL - BA
38557,Federal,CONS. REG. DE REPRESENTANTES DO ESTADO DO RS
38558,Federal,CONSELHO REGIONAL DE ADMINISTRAÇÃO DE GOIAS
38559,Federal,CONSELHO DE ARQUITETURA E URBANISMO DO PARA
38560,Federal,CONSELHO REG. DE CONTABILIDADE DE RONDONIA
38561,Federal,CONSELHO REGIONAL DE NUTRICIONISTAS/7A REGIÃO
38562,Federal,CONSELHO REG. DE ECONOMIA DA 25A REGIAO TO
38563,Federal,CONS. REG. DE ENFERMAGEM  MATO GROSSO DO SUL
38564,Federal,CONSELHO REGIONAL DE MEDICINA DE TOCANTINS
38565,Federal,CONSELHO REGIONAL DE ENFERMAGEM - ES
38566,Federal,CONSELHO REGIONAL DE CONTABILIDADE DO CEARÁ
38567,Federal,CONSELHO REGIONAL DE FARMÁCIA DO ESTADO DE RO
38568,Federal,CONSELHO REGIONAL DE ENFERMANGEM DO CEARA
38569,Federal,CONSELHO REGIONAL DE MEDICINA VETERINARIA RJ
38570,Estadual,CONSELHO REGIONAL DE FARMÁCIA DO ESTADO DO MT
38573,Federal,CONSELHO REGIONAL DE ADMINISTRAÇÃO
38574,Federal,CONSELHO REGIONAL DE MEDICINA VETERINARIA
38575,Federal,CONS. REG. DE FIS. E TERAPIA OC. DA 6ªREGIÃO
38576,Federal,CONSELHO REGIONAL DE ENGENHARIA E AGRONOMIA
38577,Federal,CONSELHO REG. ENGENHARIA E AGRONOMIA DO PR
38578,Federal,CONSELHO REG. ENG. E AGRONOMINA DE MG
38579,Federal,CONSELHO REG. ENGENHARIA E AGRONOMIA DO RJ
38580,Federal,CONSELHO REG. ENGENHARIA E AGRONOMINA DO RJ
38581,Federal,CONSELHO REG ENG. E AGRONOMIA DO TOCANTINS
38582,Federal,CONSELHO REG. DE ENGENHARIA E AGRONOMIA PE
38583,Federal,CONSELHO REG. ENG. E AGRONOMIA RO
38584,Federal,CONSELHO REG. FISIO. TERAPIA OCUPACIONAL
38585,Federal,CONSELHO REGIONAL DE BIOLOGIA 1 REGIÃO
38586,Federal,CONSELHO FEDERAL DE ADMINISTRAÇÃO DF
38587,Federal,CONSELHO REGIONAL DE ADMINISTRAÇÃO BA
38588,Federal,CONSELHO REGIONAL DE ADMINISTRAÇÃO DF
38589,Federal,CONSELHO REGIONAL DE ADMINISTRAÇÃO DO ES
38590,Federal,CONSELHO REGIONAL DE ADMINISTRAÇÃO DO PR
38591,Federal,CONSELHO REGIONAL DE ADMINISTRAÇÃO DO RJ
38592,Federal,CONSELHO REGIONAL DE ADMINISTRAÇÃO SC
38593,Federal,CONSELHO REG. FONOAUDIOLOGIA 3 REGIÃO
38594,Federal,CONSELHO REGIONAL DE MEDICINA AL
38595,Federal,CONSELHO REGIONAL DE MEDICINA CE
38596,Federal,CONSELHO REG. DE MEDICINA DE PERNAMBUCO
38597,Federal,CONSELHO REG. DE MEDICINA DO ESTADO DO RJ
38598,Federal,CONSELHO REG. DE MEDICINA DO ESTADO DE SC
38599,Federal,CONSELHO REG. DE MEDICINA DO ESTADO DO TO
38600,Federal,CONSELHO REG. DE MEDICINA DO ESTADO DA PB
38601,Federal,CONSELHO REG. DE MEDICINA VETERINÁRIA DE SC
38602,Federal,CONSELHO REG DE MEDICINA VETERINÁRIA DE SP
38603,Federal,CONSELHO REG. DE MEDICINA VET. DA 12ª REGIÃO
38604,Federal,CONSELHO REG. DE NUTRICIONISTAS DA 3ª REGIÃO
38605,Federal,CONSELHO REG. DE NUTRICIONISTAS DA 6ª REGIÃO
38606,Federal,CONSELHO REGIONAL DE ODONTOLOGIA DE MG
38607,Federal,CONSELHO REGIONAL DE ODONTOLOGIA DO PARANÁ
38608,Federal,CONSELHO REGIONAL DE QUIMICA DA 9ª REGIÃO
38609,Federal,CONS REG DE CORRET DE MÓVEIS DA 2ª REGIÃO
38610,Federal,CONSELHO REG. DE ENFERMAGEM DE ALAGOAS
38611,Federal,CONSELHO REGIONAL DE ENFERMAGEM DO DF
38612,Federal,CONSELHO REG DE ENFERNAGEM DO PARANÁ
38613,Federal,CONSELHO REGIONAL DE ENFERMAGEM DE SERGIPE
38614,Federal,CONSELHO REG DE ENFERMAGEM DE SÃO PAULO
38615,Federal,CONSELHO REGIONAL DE ENFERMAGEM DO AMAPÁ
38616,Federal,CONSELHO REGIONAL DE ECONOMIA 1A REGIAO_RJ
38617,Federal,CONSELHO REGIONAL DE ECONOMIA 2A REGIAO SP
38618,Federal,CONSELHO REG.DE ENG.ARQ.E AGRON. DO CEARA
38619,Federal,CONSELHO REG.DE ENG.ARQ.E AGRON. DE GOIAS
38620,Federal,CONSELHO REG.DE ENG.ARQ.E AGRON. DE S.PAULO
38621,Federal,CONSELHO REG.DE ENG.ARQ.E AGRON.DO M.GROSSO
38622,Federal,CONSELHO REG. DE ENG.ARQ. E AGRON. DO PARA
38623,Federal,CONSELHO REG. DE ENG. ARQ. E AGRON. DO AM
38624,Federal,CONSELHO REGIONAL DE FARMACIA DO CEARA
38625,Federal,CONSELHO REGIONAL DE FAMARCIA ESPIRITO SANTO
38626,Federal,CONSELHO REG. DE FARMACIA DE MINAS GERAIS
38627,Federal,CONSELHO REGIONAL DE FARMACIA DA PARAIBA
38628,Federal,CONSELHO REGIONAL DE FARMACIA DO PARANA
38629,Federal,CONSELHO REG. DE FARMACIA DO RIO DE JANEIRO
38630,Federal,CONSELHO REGIONAL DE ODONTOLOGIA DA BAHIA
38631,Federal,CONSELHO REGIONAL DE SERV.SOCIAL DA 9A REGIAO
38632,Federal,CONSELHO REGIONAL DE MEDICINA VETERINARIA DF
38633,Federal,CONSELHO REGIONAL DE PSICOLOGIA 16ª REGIÃO ES
38634,Federal,CONSELHO REGIONAL DE CONTABILIDADE DE SC
38635,Federal,CONSELHO REGIONAL DE NUTRICIONISTAS DA 9ª RG
38636,Federal,CONSELHO REGIONAL DE ENFERMAGEM DE MG
38637,Federal,CONSELHO REG.DE ENFERMAGEM DE STA CATARINA
38638,Federal,CONSELHO REGIONAL DE ENFERMAGEM DO AMAZONAS
38639,Federal,CONSELHO REGIONAL DE BIBLIOTECONOMIA 1ª REG.
38640,Federal,CONSELHO REGIONAL DE QUIMICA DA 18ª REGIÃO
38641,Federal,CONSELHO DE ARQUITETURA E URBANISMO DO RS
38642,Federal,CONSELHO DE ARQUI8TETURA E URBANISMO DE SC
38643,Federal,CONSELHO REGIONAL DE MEDICINA DE SÃO PAULO
38644,Federal,CONS REG DE FIS E TERAPIA OCUP DA 8ª REGIÃO
38645,Federal,CONSELHO REGIONAL DE CORRETORES DE IMOVEIS 8ª
38646,Federal,CONSELHO REG.DE ADMINISTRAÇÃO DE TOCANTINS
38647,Federal,CONSELHO REGIONAL DE ECONOMIA DA 10ª REGIÃO
38648,Federal,CONSELHO REGIONAL DE MEDICINA VETERINARIO GO
38649,Federal,CONSELHO REG. DE ENGENHARIA E AGRONOMIA RN
38650,Federal,CONS.REG.DE FIS.E TERAPIA OCUP.DA 13ª RG
38651,Federal,CONSELHO REG. EDUCAÇÃO FISICA 12ª REGIÃO
38652,Federal,CONSELHO REG.DE QUIMICA 20ª REGIÃO
38653,Federal,CONSELHO REG DE ENGENHARIA E AGRONOMIA DA PB
38654,Federal,CONSELHO DE ARQUITETURA E URBANISMO DE MG
38655,Federal,CONSELHO REGIONAL DE ADMINISTRAÇÃO DE RO
38656,Federal,CONSELHO REGIONAL DE ADMINISTRAÇÃO DO AMAPÁ
38657,Federal,CONSELHO REGIONAL DE PSICOLOGIA DA 20º REGIAO
38658,Federal,CONSELHO REG. DOS REP. COMERCIAIS PARANÁ
38659,Federal,CONSELHO REG. DE CONTABILIDE DO AMAZONAS
38660,Federal,CONSELHO REGIONAL DE ODONTOLOGIA DE GOIAS
38661,Federal,CONSELHO FEDERAL DE ODONTOLOGIA
38662,Federal,CONSELHO REG. DE ENGENHARIA E AGRONOMIA DO RS
38664,Federal,CONSELHO REGIONAL DE ENFERMAGEM - PI
38665,Federal,CONSELHO REG DOS REPRESENTANTES COMERCIAIS
38666,Federal,CONSELHO REGIONAL DE ODONTOLOGIA DE SÃO PAULO
38667,Federal,CONSELHO REGIONAL DE MEDICINA DO SERGIPE
38668,Federal,CONSELHO REG. REP. COMERCIAIS
38669,Federal,CONSELHO REGIONAL DE NUTRICIONISTA 4REGIÃO
38670,Federal,CONS. REG DOS REP. COMERCIAIS DE SC
38671,Federal,CONSELHO FEDERAL DE FONOAUDIOLOGIA 8A. REG
38672,Federal,CONSELHO REGIONAL DE BIOLIGIA 4º REGIÃO
38673,Federal,CONSELHO REGIONAL DE ENFERMAGEM - RR
38674,Federal,CONSELHO REGIONAL DE MEDICINA DO ESTADO DO ES
38675,Federal,CONSELHO REGIONAL DE MEDICINA DO PARANÁ
38676,Federal,CONSELHO FED. DOS REPRESENTANTES COMERCIAIS
38677,Federal,CONSELHO REGIONAL DE ADMINISTRAÇÃO DO ACRE
38678,Federal,CONSELHO DE ARQUITETURA E URBANISMO DE RO
38679,Federal,CONS. REG. DOS REP. COMERCIAIS DO RJ
38680,Federal,CONS. REG. DE FARMÁCIAS DO ESTADO DE ALAGOAS
38681,Federal,CONSELHO REGIONAL DOS REP. CAMERCIAIS
38682,Federal,CONSELHO REG DE FONOAUDIOLOGIA DA 5ª REGIÃO
38683,Federal,CONS REG DE CORRET DE IMOVEIS 6ª REG
38684,Federal,CONSELHO REGIONAL DE PSICOLOGIA DA 4ª REGIÃO
38685,Federal,CONSELHO REGIONAL DE QUíMICA DA 7ª REGIãO
38686,Federal,CONSELHO DOS REP.COMERCIAIS NO ESTADO DO PARá
38687,Federal,CONSELHO REG. DOS REPRESENT. COMERCIAIS DO DF
38689,Federal,CONSELHO FEDERAL DE CORRETORES DE IMÓVEIS
38690,Federal,CONSELHO DOS REP. COM. NO EST. DE SP
38691,Federal,CONSELHO REG.DE ENG. ARQ. E AGRON. DO DF
38692,Federal,CONSELHO REGIONAL DE MEDICINA - RN
38693,Federal,CONSELHO REG. DE ADM. DO RIO GRANDE DO NORTE
38694,Federal,CONSELHO REGIONAL DE ODONTOLOGIA DE ALAGOAS
38695,Federal,CONSELHO REG. DOS REPRES. COMERCIAIS NO MA
38696,Estadual,CONS. REG. DOS REPRES. COM. NO ESTADO DE SE
38698,Federal,CONSELHO FEDERAL DE PSICOLOGIA
38699,Federal,CONSELHO REGIONAL DE PSICOLOGIA DA 9ª REGIÃO
38700,Federal,CONSELHO REGIONAL DE ENFERMAGEM DE GOIÁS
38701,Federal,CONSELHO REGIONAL DE FARMÁCIA DE PE
38702,Federal,CONSELHO REGIONAL DE ADMINISTRAÇÃO - MT
38703,Federal,CONSELHO DE ARQUITETURA E URBANISMOS - RN
38704,Federal,CONSELHO REGIONAL DOS REP. COMERCIAIS DO AM
38705,Federal,CONS. REG. REPRESENTANTES COMERCIAIS - MT
38706,Federal,CONSELHO REGIONAL DE CONTABILIDADE PB
38707,Federal,CONSELHO REG DE SERVIÇO SOCIAL 8 REGIÃO
38708,Federal,CONSELHO REGIONAL DE ODONTOLOGIA S.CATARINA
38709,Federal,CONS. REG. DE CORRETORES DE IMOVEIS 3 REG
38711,Federal,CONSELHO REGIONAL DE MEDICINA - RR
38712,Federal,CONSELHO REGIONAL DE EDUCAÇÃO FISICA 15 REG
38713,Federal,CONSELHO REGIONAL DE QUIMICA IV REGIÃO
38714,Estadual,CONSELHO REGIONAL DE MEDICINA EST DO MARANHAO
38715,Federal,CONSELHO REGIONAL DE CONTABILIDADE
38716,Federal,CONSELHO REG. TEC. RADIOLOGIA 6º REGIÃO
38717,Estadual,CONSELHO REGIONAL DE MEDICINA
38718,Federal,CONSELHO REGIONAL DE ADMINISTRAÇÃO MG
38719,Federal,CONSELHO REGIONAL DE ODONTOLOGIA/RS
38720,Federal,CONSELHO REGIONAL DE BIOLOGIA 3 REGIAO RS/SC
38721,Federal,CONSELHO REG. DE CONTABILID. DE MINAS GERAIS
38722,Federal,CONSELHO REGIONAL DOS REP. COMERCIAIS DE MG
38723,Federal,CONS. REGIONAL DE BIBLIOTECONOMIA 5ª REGIÃO
38724,Federal,CONSELHO REGIONAL DE FARMÁCIA DO RS
38725,Federal,CONSELHO REGIONAL DE BIOMEDICINA- 3ª REGIÃO
38726,Federal,CONSELHO REGIONAL DE EDUCAÇÃO FÍSICA
38727,Federal,CONSELHO REGIONAL DE FARMACIA DO ACRE
38728,Federal,CONSELHO REGIONAL DE EDUCAÇÃO FISICA 18
38729,Federal,CONSELHO FEDERAL DE SERVIÇO SOCIAL CFESS
38730,Federal,CONSELHO DE ARQUITETURA E URBANISMO RORAIMA
38731,Federal,CONSELHO REGIONAL DE EDUCACAO FISICA - 5A
38732,Federal,CONS REGIONAL DOS REPRESENTANTES COMERCIAS
38733,Federal,CONS REG DE FISIOTERAPIA TERAPIA OCUPACIONAL
38737,Federal,CONSELHO REGIONAL DE EDUCACAO FISICA DA 19
38738,Federal,CONSELHO REGIONAL DE ODONTOLOGIA
38739,Federal,CONSELHO DE ARQUITETURA E URBANISMO DO PI
38740,Federal,CONSELHO REGIONAL DE ADMINISTRACAO DE SERGIPE
38741,Federal,CONSELHO REGIONAL DE PSICOLOGIA DA 7ª REGIÃO
38742,Federal,CONSELHO REGIONAL DE ENFERMAGEM DO ACRE
38743,Federal,CONSELHO DE ARQUIT. E URBANISMO DE ALAGOAS
38744,Estadual,SERVIÇO NACIONAL DE APRENDIZAGEM COMERCIAL
38745,Federal,CONS. REGIONAL DE ODONTOLOGIA DA PARAIBA
38746,Federal,CONS REGIONAL DE PSICOLOGIA 10 REG PA E_AP
38747,Federal,CONSELHO FEDERAL DOS TÉCNICOS INDUSTRIAIS
38748,Federal,CONSELHO REG. DE PSICOLOGIA 14 REGIÃO
38749,Federal,CONSELHO FEDERAL DE FARMÁCIA
38750,Federal,CONSELHO REGIONAL DE EDUCAÇÃO FÍSICA 17 REG.
38751,Federal,CONSELHO REG. DE SERVIÇOS SOCIAL DA 17 REGIAO
38752,Federal,CONSELHO REGIONAL DE FONOAUDIOLOGIA 7º REGIÃO
38753,Federal,CONSELHO DE ARQUITETURA E URBANISMO SERGIPE
38754,Federal,CONSELHO REGIONAL DE FONOAUDIOLOGIA DA 9ª REG
38755,Federal,CONSELHO FEDERAL DE ENFERMAGEM
38756,Federal,CONSELHO REG DE CORRETORES DE IMOVEIS_- CE
38757,Federal,CONSELHO REG DE CORRETORES DE IMOVEIS
38758,Federal,CONSELHO FEDERAL DE MEDICINA VETERINARIA
38759,Federal,CONSELHO REG. DE TÉC. EM RADIOLOGIA DA 1ª REG
38760,Federal,CONSELHO REGIONAL DE MEDICINA - BA
38762,Federal,CONSELHO REG. DOS TEC. IND. EST. BA
38764,Federal,CONSELHO FEDERAL DE EDUCAÇÃO FÍSICA
38765,Federal,CONSELHO REGIONAL DOS TÉCNICOS INDUSTRIAIS
38766,Federal,CONSELHO REG. DE FIS. E TERAPIA OCUPACIONAL
38768,Federal,CONSELHO FEDERAL DOS TECNICOS INDUSTRIAIS
38769,Federal,CONSELHO NAC. DE TECNICOS EM RADIOLOGIA
38770,Federal,CONSELGO REGIONAL DE ENGENHARIA E AGRONOMIA
38771,Federal,CONSELHO REGIONAL DE SERVIÇO SOCIAL
38772,Federal,CONSELHO REGIONAL DE SERVICO SOCIAL 4ªREGIÃO
38773,Federal,CONSELHO REGIONAL DE ODONTOLOGIA DO AMAZONAS
38774,Federal,CONSELHO REG DOS TEC INDUSTRIAIS DA 2ª REG
38801,,"SUBSECRETARIA DE PLANEJ.,ORCAM.E ADM/MTE"
38802,,SECRET.DE POLITICAS PUBLICAS DE EMPREGO-SPPE
38803,,DELEGACIA REGIONAL DO TRABALHO/SAO PAULO/MTE
38901,,FUNDO DE AMPARO AO TRABALHADOR
39000,Federal,MINISTERIO DOS TRANSPORTES
39001,Federal,COMPANHIA DOCAS DA BAHIA
39004,Federal,COMPANHIA DOCAS DO MARANHAO
39005,Federal,COMPANHIA DOCAS DO PARÁ
39007,Federal,COMPANHIA DOCAS DO RIO GRANDE DO NORTE
39250,Federal,AGENCIA NACIONAL DE TRANSPORTES TERRESTRES
39251,Federal,AGENCIA NACIONAL DE TRANSPORTES AQUAVIARIOS
39252,,DEPTO. NAC. DE INFRA-ESTRUTURA DE TRANSPORTES
39253,Federal,EMPRESA DE PLANEJAMENTO E LOGÍSTICA S.A - EPL
39801,,SUBSECRETARIA DE ASSUNTOS ADMINISTRATIVOS/MT
39802,,SUBSECRETARIA DE PLANEJAMENTO E ORCAMENTO/MT
39811,Federal,COMPANHIA DOCAS DO RIO DE JANEIRO
39812,Federal,COMPANHIA DOCAS DO ESTADO DA BAHIA
39813,Federal,COMPANHIA DOCAS DO CEARá
39814,,COMPANHIA DOCAS DO PARA - CDP
39815,,COMPANHIA DOCAS DO RIO GRANDE DO NORTE-CODERN
39816,,COMPANHIA DOCAS DO ESTADO DE SAO PAULO
39817,Estadual,COMPANHIA DOCAS DO ESPIRITO SANTO
40000,Federal,MINISTéRIO DO TRABALHO E PREVIDêNCIA SOCIAL
41000,,MINISTERIO DAS COMUNICACOES
41231,Federal,AGENCIA NACIONAL DE TELECOMUNICACOES
41232,,FUNDO DE UNIVERS.DOS SERV. DE TELECOMUNICOES
41233,,FUNDO DE FISCALIZACAO DAS TELECOMUNICACOES
41801,,"SUBSECRETARIA DE PLANEJ.,ORCAM.E ADM./MC"
41903,,FUNDO P/ O DESENVOLV.TEC.DAS TELECOMUNICACOES
42000,Federal,MINISTERIO DA CULTURA
42207,Federal,INSTITUTO BRASILEIRO DE MUSEUS
42801,,DIRETORIA DE GESTAO INTERNA/MINC
43000,,MINISTERIO DA INTEGRACAO REGIONAL
44000,,MINISTERIO DO MEIO AMBIENTE
44204,,FUNDO NACIONAL DO MEIO AMBIENTE
44205,Federal,AGENCIA NACIONAL DE AGUAS
44206,,INSTITUTO DE PESQUISAS JARDIM BOTANICO DO RJ
44207,Federal,INST.CHICO MENDES DE CONSER.DA BIODIVERSIDADE
44208,Federal,SERVICO FLORESTAL BRASILEIRO
44444,Municipal,PREFEITURA MUNICIPAL DE DIVINOPOLIS
44801,,"SUBSECRETARIA DE PLANEJ.,ORCAM.E ADM./MMA"
44902,,FUNDO NACIONAL SOBRE MUDANCAS DO CLIMA
45282,,BANCO NACIONAL DE DESENV. ECONOMICO E SOCIAL
45283,Federal,INSTITUTO DE RESSEGUROS DO BRASIL
46000,,MINISTERIO DA ADM. FED. E REFORMA DO ESTADO
47000,,MINISTERIO DO PLANEJAMENTO E ORCAMENTO
49000,,MINISTERIO DO DESENVOLVIMENTO AGRARIO
49001,,FUNDO TERRAS E DA REF.AGRARIA-BANCO DA TERRA
49280,Federal,EMPRESA BRASILEIRA DE CORREIOS E TELEGRAFOS
49901,,FUNDO DA MARINHA MERCANTE
50000,,GAB.DO MINISTRO EXTRAORD.DE PROJ.ESPECIAIS
51000,,MINISTERIO DO ESPORTE
51801,,"SECRETARIA DE PLANEJ.,ORCAM.E ADM.±SPOA/ME"
52000,Federal,MINISTERIO DEFESA
52001,,FUNDO DO MINISTERIO DA DEFESA
52002,,FUNDO DE ADMINISTRACAO DO HFA
52003,,FUNDO DO SERVICO MILITAR
52111,Federal,COMANDO DA AERONAUTICA
52121,,COMANDO DO EXERCITO
52131,Federal,COMANDO DA MARINHA
52132,,COMANDO DA MARINHA - FUNDO NAVAL
52133,Federal,COM.MARINHA - FUNDO DESENV.ENS.PROF.MARITIMO
52201,Federal,AGENCIA NACIONAL DE AVIACAO CIVIL
52211,,CAIXA DE FINANC. IMOBILIARIO DA AERONAUTICA
52212,Federal,EMPRESA BRAS.DE INFRA-ESTRUTURA AEROPORTUARIA
52221,Federal,INDUSTRIA DE MATERIAL BELICO DO BRASIL
52222,,FUNDACAO OSORIO
52231,Federal,EMPRESA GERENCIAL DE PROJETOS NAVAIS
52233,,AMAZONIA AZUL TECNOLOGIAS DE DEFESA S.A.
52801,,SECRETARIA DE ORGANIZACAO INSTITUCIONAL
52904,Federal,FUNDO DO EXERCITO
52911,,FUNDO AERONAUTICO
52912,,FUNDO AEROVIARIO
52921,Federal,FUNDO DO EXÉRCITO
53000,,MINISTERIO DA INTEGRACAO NACIONAL
53202,,SUPERINTEND. DO DESENVOLVIMENTO DA AMAZONIA
53203,Federal,SUPERINTENDENCIA DO DESENV. DO NORDESTE
53204,,FUNDO DE DESENVOLVIMENTO DA AMAZONIA
53205,,AGENCIA DE DESENVOLVIMENTO DA AMAZONIA
53206,,AGENCIA DE DESENVOLVIMENTO DO NORDESTE
53207,Federal,SUPERINTENDÊNCIA DO DESENV. DO CENTRO OESTE
53208,,FUNDO CONST. DE FINANCIAMENTO DO NORTE
53209,,FUNDO CONST.DE FINANCIAMENTO DO CENTRO-OESTE
53210,,FUNDO CONST.DE FINANCIAMENTO DO NORDESTE
53801,,DEPARTAMENTO DE GESTAO INTERNA/MI
53802,,DEPARTAMENTO GESTAO DOS FUNDOS DE INVESTIMENT
53901,,FUNDO CONSTITUCIONAL DE FINANCIAM.DO NORTE
53902,,FUNDO CONSTITUCIONAL DE FINAN.DO CENTRO OESTE
53903,,FUNDO CONSTITUCIONAL DE FINANCIAM.DO NORDESTE
54000,Federal,MINISTERIO DO TURISMO
54801,,"SUBSECRETARIA DE PLANEJ.,ORCAM.E ADM./MTUR"
54901,,FUNDO GERAL DE TURISMO-FUNGETUR/METUR
55000,,MINISTERIO DO DESENV. SOCIAL E COMBATE A FOME
55001,,FUNDO NACIONAL DA ASSISTENCIA SOCIAL
55801,,SPOA/MDS E COMBATE A FOME
56000,Federal,MINISTERIO DAS CIDADES
56801,,"SUBSECRETARIA DE PLANEJ.,ORCAM.E ADM./MICI"
56901,,FUNDO NAC. DE SEGUR. E EDUCACAO DO TRANSITO
56902,,FUNDO NACIONAL DE HAB. INTERESSE SOCIAL
57000,Federal,"MIN. DAS MULHERES, DA IGUALDADE E DOS DH"
57280,Federal,EMPRESA DE PROC.DE DADOS DA PREVID.SOCIAL
58000,Federal,MINISTéRIO DA PESCA E AQUICULTURA
59000,Federal,CONSELHO NACIONAL DO MINISTÉRIO PÚBLICO
60000,,GABINETE DA VICE-PRESIDENCIA DA REPUBLICA
61000,,SECRETARIA DE ASSUNTOS ESTRATEGICOS
61201,,INSTITUTO DE PESQUISA ECONOMICA APLICADA
62000,,SECRETARIA DE AVIACAO CIVIL
62201,,AGENCIA NACIONAL DE AVIACAO CIVIL
62901,,FUNDO NACIONAL DE AVIACAO CIVIL
63000,,ADVOCACIA-GERAL DA UNIAO
64000,Federal,SECRETARIA DE DIREITOS HUMANOS
64901,,FUNDO NACIONAL PARA A CRIANCA E O ADOLESCENTE
64902,,FUNDO NACIONAL DO IDOSO
65000,,SECRETARIA DE POLITICAS PARA AS MULHERES
66000,,CONTROLADORIA-GERAL DA UNIAO
67000,,SEC.DE POLITICAS DE PROMOCAO DA IGUALD.RACIAL
68000,,SECRETARIA DE PORTOS
68201,Federal,AGENCIA NACIONAL DE TRANSPORTES AQUAVIARIOS
69000,,SECRETARIA DA MICRO E PEQUENA EMPRESA
71902,Federal,FUNDO SOBERANO DO BRASIL
71904,,FUNDO DE ESTABILIDADE DO SEGURO RURAL
71905,,FUNDO DE GARANTIA A EXPORTACAO
74917,,FUNDO DE DESENVOLVIMENTO DA AMAZONIA
74918,,FUNDO DE DESENVOLVIMENTO DO NORDESTE
74919,Federal,FUNDO DE DESENVOLVIMENTO DO CENTRO-OESTE
80000,,"ENTIDADES EM EXTINC.,DISSOL.OU PRIV.L.8029/90"
80201,,SUPERINTEND.DO DESENV.DA REGIAO CENTRO-OESTE
80202,,SUPERINTENDENCIA DO DESENV.DA REGIAO SUL-EXT.
80203,,DEPARTAMENTO NACIONAL DE OBRAS DE SANEAMENTO
80204,,INSTITUTO DO ACUCAR E DO ALCOOL
80205,,INSTITUTO BRASILEIRO DO CAFE
80208,Federal,EMPRESA DE PORTOS DO BRASIL S/A-EM EXTINCAO
80210,,EMPRESA BRAS.DE ASSISTENCIA TEC.E EXT.RURAL
81000,Federal,MINSTÉRIO DOS DIREITOS HUMANOS
81901,,FUNDO NACIONAL PARA A CRIANCA E O ADOLESCENTE
81902,,FUNDO NACIONAL DO IDOSO
82000,Federal,MINISTÉRIO DA SEGURANÇA PÚBLICA
90000,,RESERVA DE CONTINGENCIA
91000,Federal,ENTIDADES QUE UTILIZAM CONTA UNICA - TCT
91001,Municipal,GOVERNO DO DISTRITO FEDERAL - DAR
91002,,PREFEITURA DE SAO LUIS - DAR
91010,,ESTATAIS DO MINISTERIO DA FAZENDA
91080,,ESTATAIS DO MINISTERIO DAS MINAS E ENERGIA
91081,Federal,EMPRESAS DE ENERGIA
91082,,EMPRESAS DE TELECOMUNICACOES
91083,,CVRD - HOLDING
91084,Federal,PETROBRAS - HOLDING
91090,,ESTATAIS DO MINISTERIO DOS TRANSPORTES
91100,,JUSTICAS ESTADUAIS - PROCESSOS JUDICIAIS
91214,,AUTORIDADE PUBLICA OLIMPICA
91800,,ORGANIZACOES SOCIAIS
91900,,EMPRESA PRIVADA
92001,Municipal,MUNICIPIO DE GOIANESIA
93000,,REGIAO NORTE
93120,Estadual,ESTADO DO ACRE
93220,Estadual,ESTADO DO AMAPA
93320,Estadual,ESTADO DO AMAZONAS
93420,Municipal,ESTADO DO PARA
93520,Estadual,ESTADO DE RONDONIA
93620,Estadual,ESTADO DE RORAIMA
93720,Estadual,ESTADO DE TOCANTINS
94000,Estadual,REGIAO NORDESTE
94120,Estadual,ESTADO DO MARANHAO
94220,Estadual,ESTADO DO PIAUI
94320,Estadual,ESTADO DO CEARA
94420,Estadual,ESTADO DO RIO GRANDE DO NORTE
94520,Estadual,ESTADO DA PARAIBA
94620,Estadual,ESTADO DE PERNAMBUCO
94720,Estadual,ESTADO DAS ALAGOAS
94820,Estadual,ESTADO DE SERGIPE
94920,Estadual,ESTADO DA BAHIA
95000,Municipal,REGIAO SUDESTE
95120,Estadual,ESTADO DE MINAS GERAIS
95220,Estadual,ESTADO DO ESPIRITO SANTO
95320,Estadual,ESTADO DO RIO DE JANEIRO
95420,Estadual,ESTADO DE SAO PAULO
96000,,REGIAO SUL
96120,Estadual,ESTADO DO PARANA
96220,Estadual,ESTADO DE SANTA CATARINA
96320,Estadual,ESTADO DO RIO GRANDE DO SUL
97000,Estadual,REGIAO CENTRO-OESTE
97120,Estadual,ESTADO DO MATO GROSSO DO SUL
97220,Estadual,ESTADO DO MATO GROSSO
97320,Estadual,ESTADO DE GOIAS
97400,Estadual,DISTRITO FEDERAL
99900,,REPUBLICA FEDERATIVA DO BRASIL
38587,Federal,CONSELHO REGIONAL DE ADMINISTRAÇÃO BA
38588,Federal,CONSELHO REGIONAL DE ADMINISTRAÇÃO DF
38589,Federal,CONSELHO REGIONAL DE ADMINISTRAÇÃO DO ES
38590,Federal,CONSELHO REGIONAL DE ADMINISTRAÇÃO DO PR
38591,Federal,CONSELHO REGIONAL DE ADMINISTRAÇÃO DO RJ
38592,Federal,CONSELHO REGIONAL DE ADMINISTRAÇÃO SC
38593,Federal,CONSELHO REG. FONOAUDIOLOGIA 3 REGIÃO
38594,Federal,CONSELHO REGIONAL DE MEDICINA AL
38595,Federal,CONSELHO REGIONAL DE MEDICINA CE
38596,Federal,CONSELHO REG. DE MEDICINA DE PERNAMBUCO
38597,Federal,CONSELHO REG. DE MEDICINA DO ESTADO DO RJ
38598,Federal,CONSELHO REG. DE MEDICINA DO ESTADO DE SC
38599,Federal,CONSELHO REG. DE MEDICINA DO ESTADO DO TO
38600,Federal,CONSELHO REG. DE MEDICINA DO ESTADO DA PB
38601,Federal,CONSELHO REG. DE MEDICINA VETERINÁRIA DE SC
38602,Federal,CONSELHO REG DE MEDICINA VETERINÁRIA DE SP
38603,Federal,CONSELHO REG. DE MEDICINA VET. DA 12ª REGIÃO
38604,Federal,CONSELHO REG. DE NUTRICIONISTAS DA 3ª REGIÃO
38605,Federal,CONSELHO REG. DE NUTRICIONISTAS DA 6ª REGIÃO
38606,Federal,CONSELHO REGIONAL DE ODONTOLOGIA DE MG
38607,Federal,CONSELHO REGIONAL DE ODONTOLOGIA DO PARANÁ
38608,Federal,CONSELHO REGIONAL DE QUIMICA DA 9ª REGIÃO
38609,Federal,CONS REG DE CORRET DE MÓVEIS DA 2ª REGIÃO
38610,Federal,CONSELHO REG. DE ENFERMAGEM DE ALAGOAS
38611,Federal,CONSELHO REGIONAL DE ENFERMAGEM DO DF
38612,Federal,CONSELHO REG DE ENFERNAGEM DO PARANÁ
38613,Federal,CONSELHO REGIONAL DE ENFERMAGEM DE SERGIPE
38614,Federal,CONSELHO REG DE ENFERMAGEM DE SÃO PAULO
38615,Federal,CONSELHO REGIONAL DE ENFERMAGEM DO AMAPÁ
38616,Federal,CONSELHO REGIONAL DE ECONOMIA 1A REGIAO_RJ
38617,Federal,CONSELHO REGIONAL DE ECONOMIA 2A REGIAO SP
38618,Federal,CONSELHO REG.DE ENG.ARQ.E AGRON. DO CEARA
38619,Federal,CONSELHO REG.DE ENG.ARQ.E AGRON. DE GOIAS
38620,Federal,CONSELHO REG.DE ENG.ARQ.E AGRON. DE S.PAULO
38621,Federal,CONSELHO REG.DE ENG.ARQ.E AGRON.DO M.GROSSO
38622,Federal,CONSELHO REG. DE ENG.ARQ. E AGRON. DO PARA
38623,Federal,CONSELHO REG. DE ENG. ARQ. E AGRON. DO AM
38624,Federal,CONSELHO REGIONAL DE FARMACIA DO CEARA
38625,Federal,CONSELHO REGIONAL DE FAMARCIA ESPIRITO SANTO
38626,Federal,CONSELHO REG. DE FARMACIA DE MINAS GERAIS
38627,Federal,CONSELHO REGIONAL DE FARMACIA DA PARAIBA
38628,Federal,CONSELHO REGIONAL DE FARMACIA DO PARANA
38629,Federal,CONSELHO REG. DE FARMACIA DO RIO DE JANEIRO
38630,Federal,CONSELHO REGIONAL DE ODONTOLOGIA DA BAHIA
38631,Federal,CONSELHO REGIONAL DE SERV.SOCIAL DA 9A REGIAO
38632,Federal,CONSELHO REGIONAL DE MEDICINA VETERINARIA DF
38633,Federal,CONSELHO REGIONAL DE PSICOLOGIA 16ª REGIÃO ES
38634,Federal,CONSELHO REGIONAL DE CONTABILIDADE DE SC
38635,Federal,CONSELHO REGIONAL DE NUTRICIONISTAS DA 9ª RG
38636,Federal,CONSELHO REGIONAL DE ENFERMAGEM DE MG
38637,Federal,CONSELHO REG.DE ENFERMAGEM DE STA CATARINA
38638,Federal,CONSELHO REGIONAL DE ENFERMAGEM DO AMAZONAS
38639,Federal,CONSELHO REGIONAL DE BIBLIOTECONOMIA 1ª REG.
38640,Federal,CONSELHO REGIONAL DE QUIMICA DA 18ª REGIÃO
38641,Federal,CONSELHO DE ARQUITETURA E URBANISMO DO RS
38642,Federal,CONSELHO DE ARQUI8TETURA E URBANISMO DE SC
38643,Federal,CONSELHO REGIONAL DE MEDICINA DE SÃO PAULO
38644,Federal,CONS REG DE FIS E TERAPIA OCUP DA 8ª REGIÃO
38645,Federal,CONSELHO REGIONAL DE CORRETORES DE IMOVEIS 8ª
38646,Federal,CONSELHO REG.DE ADMINISTRAÇÃO DE TOCANTINS
38647,Federal,CONSELHO REGIONAL DE ECONOMIA DA 10ª REGIÃO
38648,Federal,CONSELHO REGIONAL DE MEDICINA VETERINARIO GO
38649,Federal,CONSELHO REG. DE ENGENHARIA E AGRONOMIA RN
38650,Federal,CONS.REG.DE FIS.E TERAPIA OCUP.DA 13ª RG
38651,Federal,CONSELHO REG. EDUCAÇÃO FISICA 12ª REGIÃO
38652,Federal,CONSELHO REG.DE QUIMICA 20ª REGIÃO
38653,Federal,CONSELHO REG DE ENGENHARIA E AGRONOMIA DA PB
38654,Federal,CONSELHO DE ARQUITETURA E URBANISMO DE MG
38655,Federal,CONSELHO REGIONAL DE ADMINISTRAÇÃO DE RO
38656,Federal,CONSELHO REGIONAL DE ADMINISTRAÇÃO DO AMAPÁ
38657,Federal,CONSELHO REGIONAL DE PSICOLOGIA DA 20º REGIAO
38658,Federal,CONSELHO REG. DOS REP. COMERCIAIS PARANÁ
38659,Federal,CONSELHO REG. DE CONTABILIDE DO AMAZONAS
38660,Federal,CONSELHO REGIONAL DE ODONTOLOGIA DE GOIAS
38661,Federal,CONSELHO FEDERAL DE ODONTOLOGIA
38662,Federal,CONSELHO REG. DE ENGENHARIA E AGRONOMIA DO RS
38664,Federal,CONSELHO REGIONAL DE ENFERMAGEM - PI
38665,Federal,CONSELHO REG DOS REPRESENTANTES COMERCIAIS
38666,Federal,CONSELHO REGIONAL DE ODONTOLOGIA DE SÃO PAULO
38667,Federal,CONSELHO REGIONAL DE MEDICINA DO SERGIPE
38668,Federal,CONSELHO REG. REP. COMERCIAIS
38669,Federal,CONSELHO REGIONAL DE NUTRICIONISTA 4REGIÃO
38670,Federal,CONS. REG DOS REP. COMERCIAIS DE SC
38671,Federal,CONSELHO FEDERAL DE FONOAUDIOLOGIA 8A. REG
38672,Federal,CONSELHO REGIONAL DE BIOLIGIA 4º REGIÃO
38673,Federal,CONSELHO REGIONAL DE ENFERMAGEM - RR
38674,Federal,CONSELHO REGIONAL DE MEDICINA DO ESTADO DO ES
38675,Federal,CONSELHO REGIONAL DE MEDICINA DO PARANÁ
38676,Federal,CONSELHO FED. DOS REPRESENTANTES COMERCIAIS
38677,Federal,CONSELHO REGIONAL DE ADMINISTRAÇÃO DO ACRE
38678,Federal,CONSELHO DE ARQUITETURA E URBANISMO DE RO
38679,Federal,CONS. REG. DOS REP. COMERCIAIS DO RJ
38680,Federal,CONS. REG. DE FARMÁCIAS DO ESTADO DE ALAGOAS
38681,Federal,CONSELHO REGIONAL DOS REP. CAMERCIAIS
38682,Federal,CONSELHO REG DE FONOAUDIOLOGIA DA 5ª REGIÃO
38683,Federal,CONS REG DE CORRET DE IMOVEIS 6ª REG
38684,Federal,CONSELHO REGIONAL DE PSICOLOGIA DA 4ª REGIÃO
38685,Federal,CONSELHO REGIONAL DE QUíMICA DA 7ª REGIãO
38686,Federal,CONSELHO DOS REP.COMERCIAIS NO ESTADO DO PARá
38687,Federal,CONSELHO REG. DOS REPRESENT. COMERCIAIS DO DF
38689,Federal,CONSELHO FEDERAL DE CORRETORES DE IMÓVEIS
38690,Federal,CONSELHO DOS REP. COM. NO EST. DE SP
38691,Federal,CONSELHO REG.DE ENG. ARQ. E AGRON. DO DF
38692,Federal,CONSELHO REGIONAL DE MEDICINA - RN
38693,Federal,CONSELHO REG. DE ADM. DO RIO GRANDE DO NORTE
38694,Federal,CONSELHO REGIONAL DE ODONTOLOGIA DE ALAGOAS
38695,Federal,CONSELHO REG. DOS REPRES. COMERCIAIS NO MA
38696,Estadual,CONS. REG. DOS REPRES. COM. NO ESTADO DE SE
38698,Federal,CONSELHO FEDERAL DE PSICOLOGIA
38699,Federal,CONSELHO REGIONAL DE PSICOLOGIA DA 9ª REGIÃO
38700,Federal,CONSELHO REGIONAL DE ENFERMAGEM DE GOIÁS
38701,Federal,CONSELHO REGIONAL DE FARMÁCIA DE PE
38702,Federal,CONSELHO REGIONAL DE ADMINISTRAÇÃO - MT
38703,Federal,CONSELHO DE ARQUITETURA E URBANISMOS - RN
38704,Federal,CONSELHO REGIONAL DOS REP. COMERCIAIS DO AM
38705,Federal,CONS. REG. REPRESENTANTES COMERCIAIS - MT
38706,Federal,CONSELHO REGIONAL DE CONTABILIDADE PB
38707,Federal,CONSELHO REG DE SERVIÇO SOCIAL 8 REGIÃO
38708,Federal,CONSELHO REGIONAL DE ODONTOLOGIA S.CATARINA
38709,Federal,CONS. REG. DE CORRETORES DE IMOVEIS 3 REG
38711,Federal,CONSELHO REGIONAL DE MEDICINA - RR
38712,Federal,CONSELHO REGIONAL DE EDUCAÇÃO FISICA 15 REG
38713,Federal,CONSELHO REGIONAL DE QUIMICA IV REGIÃO
38714,Estadual,CONSELHO REGIONAL DE MEDICINA EST DO MARANHAO
38715,Federal,CONSELHO REGIONAL DE CONTABILIDADE
38716,Federal,CONSELHO REG. TEC. RADIOLOGIA 6º REGIÃO
38717,Estadual,CONSELHO REGIONAL DE MEDICINA
38718,Federal,CONSELHO REGIONAL DE ADMINISTRAÇÃO MG
38719,Federal,CONSELHO REGIONAL DE ODONTOLOGIA/RS
38720,Federal,CONSELHO REGIONAL DE BIOLOGIA 3 REGIAO RS/SC
38721,Federal,CONSELHO REG. DE CONTABILID. DE MINAS GERAIS
38722,Federal,CONSELHO REGIONAL DOS REP. COMERCIAIS DE MG
38723,Federal,CONS. REGIONAL DE BIBLIOTECONOMIA 5ª REGIÃO
38724,Federal,CONSELHO REGIONAL DE FARMÁCIA DO RS
38725,Federal,CONSELHO REGIONAL DE BIOMEDICINA- 3ª REGIÃO
38726,Federal,CONSELHO REGIONAL DE EDUCAÇÃO FÍSICA
38727,Federal,CONSELHO REGIONAL DE FARMACIA DO ACRE
38728,Federal,CONSELHO REGIONAL DE EDUCAÇÃO FISICA 18
38729,Federal,CONSELHO FEDERAL DE SERVIÇO SOCIAL CFESS
38730,Federal,CONSELHO DE ARQUITETURA E URBANISMO RORAIMA
38731,Federal,CONSELHO REGIONAL DE EDUCACAO FISICA - 5A
38732,Federal,CONS REGIONAL DOS REPRESENTANTES COMERCIAS
38733,Federal,CONS REG DE FISIOTERAPIA TERAPIA OCUPACIONAL
38737,Federal,CONSELHO REGIONAL DE EDUCACAO FISICA DA 19
38738,Federal,CONSELHO REGIONAL DE ODONTOLOGIA
38739,Federal,CONSELHO DE ARQUITETURA E URBANISMO DO PI
38740,Federal,CONSELHO REGIONAL DE ADMINISTRACAO DE SERGIPE
38741,Federal,CONSELHO REGIONAL DE PSICOLOGIA DA 7ª REGIÃO
38742,Federal,CONSELHO REGIONAL DE ENFERMAGEM DO ACRE
38743,Federal,CONSELHO DE ARQUIT. E URBANISMO DE ALAGOAS
38744,Estadual,SERVIÇO NACIONAL DE APRENDIZAGEM COMERCIAL
38745,Federal,CONS. REGIONAL DE ODONTOLOGIA DA PARAIBA
38746,Federal,CONS REGIONAL DE PSICOLOGIA 10 REG PA E_AP
38747,Federal,CONSELHO FEDERAL DOS TÉCNICOS INDUSTRIAIS
38748,Federal,CONSELHO REG. DE PSICOLOGIA 14 REGIÃO
38749,Federal,CONSELHO FEDERAL DE FARMÁCIA
38750,Federal,CONSELHO REGIONAL DE EDUCAÇÃO FÍSICA 17 REG.
38751,Federal,CONSELHO REG. DE SERVIÇOS SOCIAL DA 17 REGIAO
38752,Federal,CONSELHO REGIONAL DE FONOAUDIOLOGIA 7º REGIÃO
38753,Federal,CONSELHO DE ARQUITETURA E URBANISMO SERGIPE
38754,Federal,CONSELHO REGIONAL DE FONOAUDIOLOGIA DA 9ª REG
38755,Federal,CONSELHO FEDERAL DE ENFERMAGEM
38756,Federal,CONSELHO REG DE CORRETORES DE IMOVEIS_- CE
38757,Federal,CONSELHO REG DE CORRETORES DE IMOVEIS
38758,Federal,CONSELHO FEDERAL DE MEDICINA VETERINARIA
38759,Federal,CONSELHO REG. DE TÉC. EM RADIOLOGIA DA 1ª REG
38760,Federal,CONSELHO REGIONAL DE MEDICINA - BA
38762,Federal,CONSELHO REG. DOS TEC. IND. EST. BA
38764,Federal,CONSELHO FEDERAL DE EDUCAÇÃO FÍSICA
38765,Federal,CONSELHO REGIONAL DOS TÉCNICOS INDUSTRIAIS
38766,Federal,CONSELHO REG. DE FIS. E TERAPIA OCUPACIONAL
38768,Federal,CONSELHO FEDERAL DOS TECNICOS INDUSTRIAIS
38769,Federal,CONSELHO NAC. DE TECNICOS EM RADIOLOGIA
38770,Federal,CONSELGO REGIONAL DE ENGENHARIA E AGRONOMIA
38771,Federal,CONSELHO REGIONAL DE SERVIÇO SOCIAL
38772,Federal,CONSELHO REGIONAL DE SERVICO SOCIAL 4ªREGIÃO
38773,Federal,CONSELHO REGIONAL DE ODONTOLOGIA DO AMAZONAS
38774,Federal,CONSELHO REG DOS TEC INDUSTRIAIS DA 2ª REG
38801,,"SUBSECRETARIA DE PLANEJ.,ORCAM.E ADM/MTE"
38802,,SECRET.DE POLITICAS PUBLICAS DE EMPREGO-SPPE
38803,,DELEGACIA REGIONAL DO TRABALHO/SAO PAULO/MTE
38901,,FUNDO DE AMPARO AO TRABALHADOR
39000,Federal,MINISTERIO DOS TRANSPORTES
39001,Federal,COMPANHIA DOCAS DA BAHIA
39004,Federal,COMPANHIA DOCAS DO MARANHAO
39005,Federal,COMPANHIA DOCAS DO PARÁ
39007,Federal,COMPANHIA DOCAS DO RIO GRANDE DO NORTE
39250,Federal,AGENCIA NACIONAL DE TRANSPORTES TERRESTRES
39251,Federal,AGENCIA NACIONAL DE TRANSPORTES AQUAVIARIOS
39252,,DEPTO. NAC. DE INFRA-ESTRUTURA DE TRANSPORTES
39253,Federal,EMPRESA DE PLANEJAMENTO E LOGÍSTICA S.A - EPL
39801,,SUBSECRETARIA DE ASSUNTOS ADMINISTRATIVOS/MT
39802,,SUBSECRETARIA DE PLANEJAMENTO E ORCAMENTO/MT
39811,Federal,COMPANHIA DOCAS DO RIO DE JANEIRO
39812,Federal,COMPANHIA DOCAS DO ESTADO DA BAHIA
39813,Federal,COMPANHIA DOCAS DO CEARá
39814,,COMPANHIA DOCAS DO PARA - CDP
39815,,COMPANHIA DOCAS DO RIO GRANDE DO NORTE-CODERN
39816,,COMPANHIA DOCAS DO ESTADO DE SAO PAULO
39817,Estadual,COMPANHIA DOCAS DO ESPIRITO SANTO
40000,Federal,MINISTéRIO DO TRABALHO E PREVIDêNCIA SOCIAL
41000,,MINISTERIO DAS COMUNICACOES
41231,Federal,AGENCIA NACIONAL DE TELECOMUNICACOES
41232,,FUNDO DE UNIVERS.DOS SERV. DE TELECOMUNICOES
41233,,FUNDO DE FISCALIZACAO DAS TELECOMUNICACOES
41801,,"SUBSECRETARIA DE PLANEJ.,ORCAM.E ADM./MC"
41903,,FUNDO P/ O DESENVOLV.TEC.DAS TELECOMUNICACOES
42000,Federal,MINISTERIO DA CULTURA
42207,Federal,INSTITUTO BRASILEIRO DE MUSEUS
42801,,DIRETORIA DE GESTAO INTERNA/MINC
43000,,MINISTERIO DA INTEGRACAO REGIONAL
44000,,MINISTERIO DO MEIO AMBIENTE
44204,,FUNDO NACIONAL DO MEIO AMBIENTE
44205,Federal,AGENCIA NACIONAL DE AGUAS
44206,,INSTITUTO DE PESQUISAS JARDIM BOTANICO DO RJ
44207,Federal,INST.CHICO MENDES DE CONSER.DA BIODIVERSIDADE
44208,Federal,SERVICO FLORESTAL BRASILEIRO
44444,Municipal,PREFEITURA MUNICIPAL DE DIVINOPOLIS
44801,,"SUBSECRETARIA DE PLANEJ.,ORCAM.E ADM./MMA"
44902,,FUNDO NACIONAL SOBRE MUDANCAS DO CLIMA
45282,,BANCO NACIONAL DE DESENV. ECONOMICO E SOCIAL
45283,Federal,INSTITUTO DE RESSEGUROS DO BRASIL
46000,,MINISTERIO DA ADM. FED. E REFORMA DO ESTADO
47000,,MINISTERIO DO PLANEJAMENTO E ORCAMENTO
49000,,MINISTERIO DO DESENVOLVIMENTO AGRARIO
49001,,FUNDO TERRAS E DA REF.AGRARIA-BANCO DA TERRA
49280,Federal,EMPRESA BRASILEIRA DE CORREIOS E TELEGRAFOS
49901,,FUNDO DA MARINHA MERCANTE
50000,,GAB.DO MINISTRO EXTRAORD.DE PROJ.ESPECIAIS
51000,,MINISTERIO DO ESPORTE
51801,,"SECRETARIA DE PLANEJ.,ORCAM.E ADM.±SPOA/ME"
52000,Federal,MINISTERIO DEFESA
52001,,FUNDO DO MINISTERIO DA DEFESA
52002,,FUNDO DE ADMINISTRACAO DO HFA
52003,,FUNDO DO SERVICO MILITAR
52111,Federal,COMANDO DA AERONAUTICA
52121,,COMANDO DO EXERCITO
52131,Federal,COMANDO DA MARINHA
52132,,COMANDO DA MARINHA - FUNDO NAVAL
52133,Federal,COM.MARINHA - FUNDO DESENV.ENS.PROF.MARITIMO
52201,Federal,AGENCIA NACIONAL DE AVIACAO CIVIL
52211,,CAIXA DE FINANC. IMOBILIARIO DA AERONAUTICA
52212,Federal,EMPRESA BRAS.DE INFRA-ESTRUTURA AEROPORTUARIA
52221,Federal,INDUSTRIA DE MATERIAL BELICO DO BRASIL
52222,,FUNDACAO OSORIO
52231,Federal,EMPRESA GERENCIAL DE PROJETOS NAVAIS
52233,,AMAZONIA AZUL TECNOLOGIAS DE DEFESA S.A.
52801,,SECRETARIA DE ORGANIZACAO INSTITUCIONAL
52904,Federal,FUNDO DO EXERCITO
52911,,FUNDO AERONAUTICO
52912,,FUNDO AEROVIARIO
52921,Federal,FUNDO DO EXÉRCITO
53000,,MINISTERIO DA INTEGRACAO NACIONAL
53202,,SUPERINTEND. DO DESENVOLVIMENTO DA AMAZONIA
53203,Federal,SUPERINTENDENCIA DO DESENV. DO NORDESTE
53204,,FUNDO DE DESENVOLVIMENTO DA AMAZONIA
53205,,AGENCIA DE DESENVOLVIMENTO DA AMAZONIA
53206,,AGENCIA DE DESENVOLVIMENTO DO NORDESTE
53207,Federal,SUPERINTENDÊNCIA DO DESENV. DO CENTRO OESTE
53208,,FUNDO CONST. DE FINANCIAMENTO DO NORTE
53209,,FUNDO CONST.DE FINANCIAMENTO DO CENTRO-OESTE
53210,,FUNDO CONST.DE FINANCIAMENTO DO NORDESTE
53801,,DEPARTAMENTO DE GESTAO INTERNA/MI
53802,,DEPARTAMENTO GESTAO DOS FUNDOS DE INVESTIMENT
53901,,FUNDO CONSTITUCIONAL DE FINANCIAM.DO NORTE
53902,,FUNDO CONSTITUCIONAL DE FINAN.DO CENTRO OESTE
53903,,FUNDO CONSTITUCIONAL DE FINANCIAM.DO NORDESTE
54000,Federal,MINISTERIO DO TURISMO
54801,,"SUBSECRETARIA DE PLANEJ.,ORCAM.E ADM./MTUR"
54901,,FUNDO GERAL DE TURISMO-FUNGETUR/METUR
55000,,MINISTERIO DO DESENV. SOCIAL E COMBATE A FOME
55001,,FUNDO NACIONAL DA ASSISTENCIA SOCIAL
55801,,SPOA/MDS E COMBATE A FOME
56000,Federal,MINISTERIO DAS CIDADES
56801,,"SUBSECRETARIA DE PLANEJ.,ORCAM.E ADM./MICI"
56901,,FUNDO NAC. DE SEGUR. E EDUCACAO DO TRANSITO
56902,,FUNDO NACIONAL DE HAB. INTERESSE SOCIAL
57000,Federal,"MIN. DAS MULHERES, DA IGUALDADE E DOS DH"
57280,Federal,EMPRESA DE PROC.DE DADOS DA PREVID.SOCIAL
58000,Federal,MINISTéRIO DA PESCA E AQUICULTURA
59000,Federal,CONSELHO NACIONAL DO MINISTÉRIO PÚBLICO
60000,,GABINETE DA VICE-PRESIDENCIA DA REPUBLICA
61000,,SECRETARIA DE ASSUNTOS ESTRATEGICOS
61201,,INSTITUTO DE PESQUISA ECONOMICA APLICADA
62000,,SECRETARIA DE AVIACAO CIVIL
62201,,AGENCIA NACIONAL DE AVIACAO CIVIL
62901,,FUNDO NACIONAL DE AVIACAO CIVIL
63000,,ADVOCACIA-GERAL DA UNIAO
64000,Federal,SECRETARIA DE DIREITOS HUMANOS
64901,,FUNDO NACIONAL PARA A CRIANCA E O ADOLESCENTE
64902,,FUNDO NACIONAL DO IDOSO
65000,,SECRETARIA DE POLITICAS PARA AS MULHERES
66000,,CONTROLADORIA-GERAL DA UNIAO
67000,,SEC.DE POLITICAS DE PROMOCAO DA IGUALD.RACIAL
68000,,SECRETARIA DE PORTOS
68201,Federal,AGENCIA NACIONAL DE TRANSPORTES AQUAVIARIOS
69000,,SECRETARIA DA MICRO E PEQUENA EMPRESA
71902,Federal,FUNDO SOBERANO DO BRASIL
71904,,FUNDO DE ESTABILIDADE DO SEGURO RURAL
71905,,FUNDO DE GARANTIA A EXPORTACAO
74917,,FUNDO DE DESENVOLVIMENTO DA AMAZONIA
74918,,FUNDO DE DESENVOLVIMENTO DO NORDESTE
74919,Federal,FUNDO DE DESENVOLVIMENTO DO CENTRO-OESTE
80000,,"ENTIDADES EM EXTINC.,DISSOL.OU PRIV.L.8029/90"
80201,,SUPERINTEND.DO DESENV.DA REGIAO CENTRO-OESTE
80202,,SUPERINTENDENCIA DO DESENV.DA REGIAO SUL-EXT.
80203,,DEPARTAMENTO NACIONAL DE OBRAS DE SANEAMENTO
80204,,INSTITUTO DO ACUCAR E DO ALCOOL
80205,,INSTITUTO BRASILEIRO DO CAFE
80208,Federal,EMPRESA DE PORTOS DO BRASIL S/A-EM EXTINCAO
80210,,EMPRESA BRAS.DE ASSISTENCIA TEC.E EXT.RURAL
81000,Federal,MINSTÉRIO DOS DIREITOS HUMANOS
81901,,FUNDO NACIONAL PARA A CRIANCA E O ADOLESCENTE
81902,,FUNDO NACIONAL DO IDOSO
82000,Federal,MINISTÉRIO DA SEGURANÇA PÚBLICA
90000,,RESERVA DE CONTINGENCIA
91000,Federal,ENTIDADES QUE UTILIZAM CONTA UNICA - TCT
91001,Municipal,GOVERNO DO DISTRITO FEDERAL - DAR
91002,,PREFEITURA DE SAO LUIS - DAR
91010,,ESTATAIS DO MINISTERIO DA FAZENDA
91080,,ESTATAIS DO MINISTERIO DAS MINAS E ENERGIA
91081,Federal,EMPRESAS DE ENERGIA
91082,,EMPRESAS DE TELECOMUNICACOES
91083,,CVRD - HOLDING
91084,Federal,PETROBRAS - HOLDING
91090,,ESTATAIS DO MINISTERIO DOS TRANSPORTES
91100,,JUSTICAS ESTADUAIS - PROCESSOS JUDICIAIS
91214,,AUTORIDADE PUBLICA OLIMPICA
91800,,ORGANIZACOES SOCIAIS
91900,,EMPRESA PRIVADA
92001,Municipal,MUNICIPIO DE GOIANESIA
93000,,REGIAO NORTE
93120,Estadual,ESTADO DO ACRE
93220,Estadual,ESTADO DO AMAPA
93320,Estadual,ESTADO DO AMAZONAS
93420,Municipal,ESTADO DO PARA
93520,Estadual,ESTADO DE RONDONIA
93620,Estadual,ESTADO DE RORAIMA
93720,Estadual,ESTADO DE TOCANTINS
94000,Estadual,REGIAO NORDESTE
94120,Estadual,ESTADO DO MARANHAO
94220,Estadual,ESTADO DO PIAUI
94320,Estadual,ESTADO DO CEARA
94420,Estadual,ESTADO DO RIO GRANDE DO NORTE
94520,Estadual,ESTADO DA PARAIBA
94620,Estadual,ESTADO DE PERNAMBUCO
94720,Estadual,ESTADO DAS ALAGOAS
94820,Estadual,ESTADO DE SERGIPE
94920,Estadual,ESTADO DA BAHIA
95000,Municipal,REGIAO SUDESTE
95120,Estadual,ESTADO DE MINAS GERAIS
95220,Estadual,ESTADO DO ESPIRITO SANTO
95320,Estadual,ESTADO DO RIO DE JANEIRO
95420,Estadual,ESTADO DE SAO PAULO
96000,,REGIAO SUL
96120,Estadual,ESTADO DO PARANA
96220,Estadual,ESTADO DE SANTA CATARINA
96320,Estadual,ESTADO DO RIO GRANDE DO SUL
97000,Estadual,REGIAO CENTRO-OESTE
97120,Estadual,ESTADO DO MATO GROSSO DO SUL
97220,Estadual,ESTADO DO MATO GROSSO
97320,Estadual,ESTADO DE GOIAS
97400,Estadual,DISTRITO FEDERAL
99900,,REPUBLICA FEDERATIVA DO BRASIL